[
  {
    "Id": 1,
    "Description": "fasldjfnawsefk",
    "DueDate": "2023-12-18T14:52:00",
    "IsCompleted": true,
    "CompletionDate": "2023-12-11T15:55:00.7481426-05:00"
  },
  {
    "Id": 2,
    "Description": "dfajsdjfasjd",
    "DueDate": "2023-12-26T14:52:00",
    "IsCompleted": false,
    "CompletionDate": "2023-12-22T14:52:00"
  },
  {
    "Id": 3,
    "Description": "hello",
    "DueDate": "2023-12-15T14:53:00",
    "IsCompleted": true,
    "CompletionDate": "2023-12-11T15:10:51.2677922-05:00"
  }
]