[
  {
    "Id": 4,
    "Description": "GO to class",
    "DueDate": "2023-12-11T17:52:00",
    "IsCompleted": true,
    "CompletionDate": "2023-12-11T17:53:54.0216537-05:00"
  },
  {
    "Id": 2,
    "Description": "HelloDog",
    "DueDate": "2023-12-21T18:06:00",
    "IsCompleted": false,
    "CompletionDate": "2023-12-27T18:06:00"
  },
  {
    "Id": 3,
    "Description": "Hi everyone",
    "DueDate": "2023-12-11T18:07:00",
    "IsCompleted": true,
    "CompletionDate": "2023-12-06T18:07:00"
  },
  {
    "Id": 6,
    "Description": "RWG",
    "DueDate": "2023-12-14T18:08:00",
    "IsCompleted": true,
    "CompletionDate": "2023-12-11T18:11:41.655886-05:00"
  },
  {
    "Id": 5,
    "Description": "adfg",
    "DueDate": "2023-12-22T18:10:00",
    "IsCompleted": false,
    "CompletionDate": "2023-12-21T18:10:00"
  },
  {
    "Id": 7,
    "Description": "safgefg",
    "DueDate": "2023-12-20T18:11:00",
    "IsCompleted": false,
    "CompletionDate": "2023-12-27T18:11:00"
  }
]